w,h,m,ask,bid,spread,volume
2,23,31,1243.76,1259.99,16.230000000000018,3198.6606042
2,23,32,1243.77,1259.97,16.200000000000045,3292.57317067
2,23,33,1243.77,1256.0,12.230000000000018,3293.87807067
2,23,34,1243.77,1256.0,12.230000000000018,3295.29309741
2,23,35,1244.0,1260.0,16.0,3297.16694667
2,23,36,1244.81,1268.97,24.160000000000082,3332.18463629
2,23,37,1244.82,1268.79,23.970000000000027,3316.15436583
2,23,38,1244.8,1268.7,23.90000000000009,3309.11617143
2,23,39,1244.83,1268.0,23.170000000000073,3307.85246531
2,23,40,1245.01,1267.0,21.99000000000001,3306.18784161
2,23,41,1245.01,1262.99,17.980000000000018,3306.41859966
2,23,42,1245.01,1259.99,14.980000000000018,3303.32765827
2,23,43,1245.02,1259.0,13.980000000000018,3299.45454403
2,23,44,1243.75,1250.0,6.25,3291.99816174
2,23,45,1244.0,1248.98,4.980000000000018,3286.53602778
2,23,46,1245.0,1248.99,3.990000000000009,3287.9012992
2,23,47,1244.01,1248.99,4.980000000000018,3288.06183723
2,23,48,1243.75,1244.01,0.2599999999999909,3285.51593337
2,23,49,1237.0,1240.0,3.0,3284.7411227
2,23,50,1235.01,1240.0,4.990000000000009,3283.02449989
2,23,51,1234.0,1240.0,6.0,3287.58243486
2,23,52,1234.0,1240.0,6.0,3287.42012732
2,23,53,1234.0,1240.0,6.0,3282.48701128
2,23,54,1234.01,1257.99,23.980000000000018,3275.06089943
2,23,55,1238.0,1258.75,20.75,3285.77216422
2,23,56,1238.0,1258.69,20.690000000000055,3245.52294184
2,23,57,1238.0,1258.78,20.779999999999973,3245.50541803
2,23,58,1240.0,1257.98,17.980000000000018,3244.7275847
2,23,59,1240.02,1255.99,15.970000000000027,3244.71760899
3,00,00,1240.04,1253.0,12.960000000000036,3243.65052695
3,00,01,1241.0,1253.0,12.0,3242.52468218
3,00,02,1241.0,1253.0,12.0,3237.88964281
3,00,03,1241.0,1253.0,12.0,3237.71964281
3,00,04,1250.0,1253.0,3.0,3232.87585377
3,00,05,1250.0,1253.0,3.0,3222.81985877
3,00,06,1250.0,1254.75,4.75,3223.71291543
3,00,07,1239.0,1240.01,1.009999999999991,3220.34148968
3,00,08,1238.03,1240.01,1.9800000000000182,3220.65524357
3,00,09,1238.03,1240.01,1.9800000000000182,3199.01168493
3,00,10,1238.03,1240.01,1.9800000000000182,3199.05518493
3,00,11,1238.03,1240.01,1.9800000000000182,3199.69024173
3,00,12,1238.03,1240.0,1.9700000000000273,3198.75179783
3,00,13,1238.03,1240.0,1.9700000000000273,3197.48179783
3,00,15,1238.03,1240.01,1.9800000000000182,3198.70252186
3,00,16,1233.0,1240.0,7.0,3201.02331788
3,00,17,1233.0,1240.01,7.009999999999991,3193.55219416
3,00,18,1228.0,1240.01,12.009999999999991,3194.69366769
3,00,19,1229.1,1240.01,10.910000000000082,3194.69366769
3,00,20,1230.0,1240.01,10.009999999999991,3194.69366769
3,00,21,1230.0,1240.01,10.009999999999991,3193.14248659
3,00,22,1230.0,1240.01,10.009999999999991,3191.39751834
3,00,23,1230.0,1240.01,10.009999999999991,3184.29439565
3,00,24,1230.0,1239.99,9.990000000000009,3161.16066326
3,00,25,1230.0,1240.01,10.009999999999991,3155.18492632
3,00,26,1230.0,1240.01,10.009999999999991,3154.88492632
3,00,27,1231.01,1240.01,9.0,3147.82906623
3,00,28,1231.01,1240.01,9.0,3130.47625785
3,00,29,1231.01,1240.01,9.0,3131.01983847
3,00,30,1246.0,1252.97,6.970000000000027,3130.55338295
3,00,31,1240.01,1246.0,5.990000000000009,3130.15774919
3,00,32,1240.02,1254.65,14.63000000000011,3126.92683052
3,00,33,1240.02,1254.72,14.700000000000045,3128.17385695
3,00,34,1229.0,1240.02,11.019999999999982,3137.72381782
3,00,35,1229.01,1240.02,11.009999999999991,3137.87347016
3,00,36,1227.0,1239.99,12.990000000000009,3137.73347016
3,00,37,1227.0,1240.02,13.019999999999982,3137.41827016
3,00,38,1227.11,1239.98,12.870000000000118,3131.45052822
3,00,39,1227.11,1239.98,12.870000000000118,3129.28134838
3,00,40,1227.11,1239.94,12.830000000000155,3127.86764116
3,00,41,1227.0,1227.11,0.10999999999989996,3129.95154671
3,00,42,1227.0,1238.0,11.0,3131.15920899
3,00,43,1225.0,1238.0,13.0,3130.43439747
3,00,44,1225.0,1237.98,12.980000000000018,3130.72148419
3,00,45,1225.0,1235.0,10.0,3129.93724852
3,00,46,1225.0,1237.99,12.990000000000009,3130.16624852
3,00,47,1225.0,1238.0,13.0,3131.97863499
3,00,48,1226.0,1238.0,12.0,3131.95572972
3,00,49,1225.25,1237.99,12.740000000000009,3132.09102859
3,00,50,1225.25,1237.98,12.730000000000018,3125.98471759
3,00,51,1225.0,1237.99,12.990000000000009,3124.76874759
3,00,52,1225.01,1237.0,11.990000000000009,3124.61449276
3,00,53,1225.01,1236.98,11.970000000000027,3125.00808761
3,00,54,1225.01,1236.97,11.960000000000036,3124.09250496
3,00,55,1225.03,1236.97,11.940000000000055,3124.71677285
3,00,56,1225.03,1236.97,11.940000000000055,3121.51701996
3,00,57,1230.0,1236.97,6.970000000000027,3121.51701996
3,00,58,1230.0,1236.97,6.970000000000027,3121.40721996
3,00,59,1235.0,1236.97,1.9700000000000273,3121.34982054
3,01,00,1235.0,1236.97,1.9700000000000273,3121.75527621
3,01,01,1235.0,1236.97,1.9700000000000273,3121.36409939
3,01,02,1236.97,1237.9,0.9300000000000637,3119.17586204
3,01,03,1236.97,1237.9,0.9300000000000637,3119.17586204
3,01,04,1238.0,1250.0,12.0,3123.83072276
3,01,05,1240.0,1249.94,9.940000000000055,3123.83072276
3,01,06,1240.0,1253.99,13.990000000000009,3124.4997004
3,01,07,1240.0,1251.99,11.990000000000009,3122.05412255
3,01,08,1240.0,1251.99,11.990000000000009,3119.91537456
3,01,09,1240.0,1251.99,11.990000000000009,3040.99403727
3,01,10,1241.0,1254.65,13.650000000000091,3037.7082987
3,01,11,1240.01,1254.68,14.670000000000073,3037.7572362
3,01,12,1254.65,1254.68,0.029999999999972715,3041.02198481
3,01,13,1239.0,1252.0,13.0,3040.53976203
3,01,14,1239.01,1254.68,15.670000000000073,3036.43256353
3,01,16,1239.01,1253.99,14.980000000000018,3035.43573967
3,01,17,1239.0,1253.98,14.980000000000018,3033.07804167
3,01,18,1241.0,1253.98,12.980000000000018,3033.07804167
3,01,19,1241.0,1253.98,12.980000000000018,3032.85895223
3,01,20,1241.25,1253.98,12.730000000000018,3031.27525106
3,01,21,1231.29,1245.0,13.710000000000036,3041.25625106
3,01,22,1233.0,1245.0,12.0,3041.1827737
3,01,23,1233.02,1245.0,11.980000000000018,3041.00445434
3,01,24,1238.0,1244.5,6.5,3041.76172949
3,01,25,1238.0,1244.97,6.970000000000027,3035.84430016
3,01,26,1244.97,1253.98,9.009999999999991,3037.15680683
3,01,27,1237.01,1253.98,16.970000000000027,3037.01680683
3,01,28,1237.01,1253.0,15.990000000000009,3036.32396683
3,01,29,1240.0,1253.0,13.0,3031.70308854
3,01,30,1240.0,1251.9,11.900000000000091,3030.09687157
3,01,31,1250.0,1254.0,4.0,3032.09457692
3,01,32,1250.0,1254.0,4.0,3020.64271692
3,01,33,1235.01,1250.0,14.990000000000009,3020.0502152
3,01,34,1250.0,1254.0,4.0,3020.8660924
3,01,35,1250.0,1254.0,4.0,3019.4009963
3,01,36,1250.0,1253.98,3.980000000000018,3018.37345231
3,01,37,1250.0,1253.98,3.980000000000018,3018.37345231
3,01,38,1240.0,1250.0,10.0,3017.56100348
3,01,39,1240.0,1253.97,13.970000000000027,3016.14722029
3,01,40,1240.0,1253.99,13.990000000000009,3015.00409748
3,01,41,1240.0,1253.98,13.980000000000018,3015.39684697
3,01,42,1240.0,1253.99,13.990000000000009,3016.14755955
3,01,43,1240.0,1253.99,13.990000000000009,3015.23619803
3,01,44,1240.0,1252.0,12.0,3015.23619803
3,01,45,1240.0,1252.0,12.0,3013.63695458
3,01,46,1240.0,1253.99,13.990000000000009,3013.90924692
3,01,47,1240.0,1253.98,13.980000000000018,3013.68924692
3,01,48,1253.98,1253.99,0.009999999999990905,3012.87323605
3,01,49,1253.98,1253.99,0.009999999999990905,3012.86023605
3,01,50,1253.98,1253.99,0.009999999999990905,3011.94599423
3,01,51,1241.0,1253.98,12.980000000000018,3009.5360911
3,01,52,1241.0,1252.0,11.0,3007.19475032
3,01,53,1240.0,1241.0,1.0,3007.75825032
3,01,54,1240.0,1252.0,12.0,3006.11168234
3,01,55,1240.0,1252.0,12.0,3006.18068234
3,01,56,1235.0,1240.0,5.0,3006.66078158
3,01,57,1235.01,1252.0,16.99000000000001,3006.40078195
3,01,58,1235.0,1235.01,0.009999999999990905,3004.08829554
3,01,59,1235.0,1235.01,0.009999999999990905,3001.48660114
3,02,00,1236.0,1251.99,15.990000000000009,3003.82499565
3,02,01,1236.0,1251.99,15.990000000000009,3004.61221811
3,02,02,1235.01,1236.0,0.9900000000000091,3006.33810734
3,02,03,1235.01,1235.99,0.9800000000000182,3005.34729033
3,02,04,1235.02,1236.0,0.9800000000000182,3002.79129033
3,02,05,1235.02,1240.0,4.980000000000018,3002.47453765
3,02,06,1235.01,1240.0,4.990000000000009,3002.21639249
3,02,07,1229.01,1240.0,10.990000000000009,3012.10439159
3,02,08,1229.02,1240.0,10.980000000000018,3012.35439159
3,02,09,1235.03,1240.0,4.970000000000027,3015.38636459
3,02,10,1235.03,1240.0,4.970000000000027,3015.17710653
3,02,11,1240.0,1245.0,5.0,3015.74846337
3,02,12,1240.0,1251.0,11.0,3018.82872886
3,02,13,1240.0,1250.0,10.0,3018.82872886
3,02,14,1235.03,1240.0,4.970000000000027,3019.01822894
3,02,15,1235.03,1240.0,4.970000000000027,3018.86109759
3,02,16,1235.03,1240.0,4.970000000000027,3019.53627501
3,02,17,1235.03,1240.0,4.970000000000027,3019.53627501
3,02,19,1235.05,1250.75,15.700000000000045,3021.20061506
3,02,20,1230.01,1250.75,20.74000000000001,3021.90009032
3,02,21,1230.01,1250.0,19.99000000000001,3021.90009032
3,02,22,1230.13,1250.0,19.86999999999989,3016.60746737
3,02,23,1231.0,1250.0,19.0,3018.96930085
3,02,24,1231.01,1249.98,18.970000000000027,3019.40436881
3,02,25,1240.0,1250.0,10.0,3018.09926357
3,02,26,1240.0,1249.0,9.0,3018.61491019
3,02,27,1229.52,1240.0,10.480000000000018,3017.9398451
3,02,28,1230.0,1239.0,9.0,3015.35885563
3,02,29,1231.07,1239.0,7.930000000000064,3012.20054676
3,02,30,1230.03,1239.0,8.970000000000027,3012.99554272
3,02,31,1230.01,1239.0,8.990000000000009,3019.51334272
3,02,32,1230.02,1239.0,8.980000000000018,3019.51334272
3,02,33,1230.03,1239.0,8.970000000000027,3019.82600433
3,02,34,1230.11,1239.0,8.8900000000001,3017.95100433
3,02,35,1230.14,1239.99,9.849999999999909,3017.18266458
3,02,36,1230.15,1239.99,9.839999999999918,3016.14171813
3,02,37,1237.0,1239.98,2.980000000000018,3016.17171813
3,02,38,1237.0,1239.99,2.990000000000009,3017.96587598
3,02,39,1237.0,1239.99,2.990000000000009,3016.48996392
3,02,40,1237.0,1239.99,2.990000000000009,3016.27330095
3,02,41,1237.0,1240.0,3.0,3020.16443679
3,02,42,1237.0,1240.0,3.0,3020.47403858
3,02,43,1237.0,1240.0,3.0,3019.68684726
3,02,44,1237.0,1240.0,3.0,3021.3616021
3,02,45,1237.0,1240.0,3.0,3023.37846831
3,02,46,1237.0,1240.0,3.0,3022.97687807
3,02,47,1237.0,1240.0,3.0,3023.65060388
3,02,48,1237.0,1240.0,3.0,3023.24972318
3,02,49,1240.0,1247.0,7.0,3021.86900207
3,02,50,1240.0,1245.0,5.0,3019.97640188
3,02,51,1240.0,1245.0,5.0,3017.05766853
3,02,52,1243.0,1247.0,4.0,3018.04766853
3,02,53,1240.0,1243.0,3.0,3018.44696362
3,02,54,1234.0,1240.0,6.0,3017.34229638
3,02,55,1234.0,1248.94,14.940000000000055,3016.18761051
3,02,56,1234.01,1248.94,14.930000000000064,3014.91961051
3,02,57,1234.01,1248.93,14.920000000000073,3014.56934672
3,02,58,1234.01,1247.98,13.970000000000027,3012.49131714
3,02,59,1234.02,1247.99,13.970000000000027,3009.15764005
3,03,00,1234.02,1247.99,13.970000000000027,3005.73617834
3,03,01,1234.01,1247.0,12.990000000000009,3005.04658565
3,03,02,1235.0,1247.0,12.0,3005.37310478
3,03,03,1234.0,1249.99,15.990000000000009,3010.0331804
3,03,04,1234.0,1247.0,13.0,3010.0331804
3,03,05,1234.01,1249.99,15.980000000000018,3010.00196266
3,03,06,1234.01,1249.99,15.980000000000018,3010.63381016
3,03,07,1234.01,1249.99,15.980000000000018,3007.71207541
3,03,08,1234.01,1249.95,15.940000000000055,3007.71207541
3,03,09,1234.01,1248.96,14.950000000000045,3006.55443555
3,03,10,1235.0,1248.95,13.950000000000045,3002.02383396
3,03,11,1234.0,1235.0,1.0,3002.40676513
3,03,12,1235.0,1248.93,13.930000000000064,3003.62499012
3,03,13,1235.0,1245.0,10.0,2999.06700612
3,03,14,1235.01,1245.0,9.990000000000009,2998.74217078
3,03,15,1231.03,1245.0,13.970000000000027,2997.10080825
3,03,16,1231.03,1244.0,12.970000000000027,2990.32769885
3,03,17,1231.16,1248.93,17.769999999999982,2981.99939561
3,03,18,1231.19,1248.93,17.74000000000001,2981.71307981
3,03,19,1231.25,1247.0,15.75,2981.71307981
3,03,20,1231.3,1231.33,0.029999999999972715,2981.12236965
3,03,21,1231.02,1231.33,0.30999999999994543,2984.93989876
3,03,22,1231.02,1231.33,0.30999999999994543,2980.98903137
3,03,23,1231.03,1245.0,13.970000000000027,2981.78264668
3,03,24,1232.01,1244.33,12.319999999999936,2981.78264668
3,03,25,1233.0,1244.33,11.329999999999927,2980.79554668
3,03,26,1233.0,1242.0,9.0,2975.21608899
3,03,28,1233.0,1242.0,9.0,2976.33891995
3,03,29,1232.32,1240.0,7.680000000000064,2976.47576169
3,03,30,1233.0,1240.0,7.0,2972.19502157
3,03,31,1233.01,1242.0,8.990000000000009,2971.49533175
3,03,32,1233.01,1242.0,8.990000000000009,2968.68329279
3,03,33,1233.0,1242.0,9.0,2968.50251448
3,03,34,1235.0,1244.0,9.0,2976.77868505
3,03,35,1235.0,1243.99,8.990000000000009,2975.55979436
3,03,36,1235.0,1243.99,8.990000000000009,2974.77120441
3,03,37,1243.99,1244.0,0.009999999999990905,2975.66445074
3,03,38,1218.05,1242.0,23.950000000000045,3007.92723293
3,03,39,1219.0,1241.92,22.920000000000073,3018.91384936
3,03,40,1222.0,1240.99,18.99000000000001,3016.48636943
3,03,41,1225.01,1240.99,15.980000000000018,3016.48636943
3,03,42,1225.02,1240.0,14.980000000000018,3017.22261471
3,03,43,1225.03,1240.0,14.970000000000027,3015.66898382
3,03,44,1225.03,1239.99,14.960000000000036,3000.67379225
3,03,45,1240.0,1243.99,3.990000000000009,2948.61542515
3,03,46,1240.0,1243.99,3.990000000000009,2950.08822006
3,03,47,1231.0,1243.99,12.990000000000009,2939.22327482
3,03,48,1225.03,1242.0,16.970000000000027,2938.23173743
3,03,49,1225.03,1241.96,16.930000000000064,2937.05240659
3,03,50,1226.01,1241.97,15.960000000000036,2936.95821013
3,03,51,1226.06,1241.99,15.930000000000064,2935.39511209
3,03,52,1226.11,1241.99,15.88000000000011,2931.07393209
3,03,53,1233.0,1242.0,9.0,2926.80831535
3,03,54,1230.0,1242.0,12.0,2927.24962683
3,03,55,1239.0,1242.0,3.0,2927.48927256
3,03,56,1230.0,1242.0,12.0,2924.81191684
3,03,57,1228.0,1230.0,2.0,2927.39423155
3,03,58,1228.0,1230.0,2.0,2838.59045482
3,03,59,1225.04,1230.0,4.960000000000036,2844.05080502
3,04,00,1225.03,1225.04,0.009999999999990905,2841.21396474
3,04,01,1225.04,1230.0,4.960000000000036,2840.49373416
3,04,02,1225.04,1230.0,4.960000000000036,2838.70066721
3,04,03,1226.03,1241.93,15.900000000000091,2838.05720687
3,04,04,1226.04,1241.84,15.799999999999955,2836.18286711
3,04,05,1226.04,1241.8,15.759999999999991,2835.79959863
3,04,06,1226.04,1242.97,16.930000000000064,2835.19334798
3,04,07,1235.0,1242.9,7.900000000000091,2834.49492888
3,04,08,1235.0,1243.45,8.450000000000045,2830.86880073
3,04,09,1226.04,1243.4,17.360000000000127,2832.83184408
3,04,10,1226.03,1235.99,9.960000000000036,2833.12074972
3,04,11,1227.0,1235.93,8.930000000000064,2832.25076253
3,04,12,1226.03,1235.87,9.839999999999918,2831.80522335
3,04,13,1243.41,1243.48,0.06999999999993634,2829.73821433
3,04,14,1237.19,1243.41,6.220000000000027,2828.47597413
3,04,15,1227.0,1243.4,16.40000000000009,2827.52170993
3,04,16,1225.08,1225.09,0.009999999999990905,2831.40797557
3,04,17,1225.08,1225.09,0.009999999999990905,2828.53055557
3,04,18,1225.08,1225.09,0.009999999999990905,2826.79930153
3,04,19,1225.08,1242.98,17.90000000000009,2826.57887741
3,04,20,1225.08,1242.08,17.0,2823.26953241
3,04,21,1225.08,1242.07,16.99000000000001,2814.66382725
3,04,22,1225.08,1242.07,16.99000000000001,2813.16667478
3,04,23,1225.09,1241.99,16.90000000000009,2810.92557733
3,04,24,1225.1,1239.99,14.8900000000001,2810.92095733
3,04,25,1225.1,1241.99,16.8900000000001,2812.12271008
3,04,26,1225.09,1242.0,16.910000000000082,2812.66435331
3,04,27,1218.0,1241.88,23.88000000000011,2822.63820055
3,04,28,1218.09,1240.0,21.910000000000082,2821.36443236
3,04,29,1218.0,1239.97,21.970000000000027,2819.13479236
3,04,30,1216.5,1242.99,26.49000000000001,2814.72933161
3,04,31,1220.51,1242.97,22.460000000000036,2812.04825972
3,04,32,1221.03,1242.93,21.90000000000009,2808.91428674
3,04,33,1223.95,1242.85,18.899999999999864,2806.79446591
3,04,34,1224.02,1242.5,18.480000000000018,2805.08895991
3,04,35,1223.97,1224.07,0.09999999999990905,2801.97669515
3,04,36,1224.0,1228.1,4.099999999999909,2799.67880198
3,04,37,1224.07,1241.39,17.320000000000164,2793.17931532
3,04,38,1225.0,1241.25,16.25,2787.73921918
3,04,39,1225.0,1241.17,16.170000000000073,2786.48956309
3,04,40,1225.01,1241.1,16.089999999999918,2786.52845748
3,04,41,1228.0,1241.07,13.069999999999936,2780.43465748
3,04,42,1228.0,1241.09,13.089999999999918,2780.44965748
3,04,43,1228.01,1241.0,12.990000000000009,2780.2974614
3,04,44,1228.01,1241.07,13.059999999999945,2777.37234172
3,04,45,1228.01,1240.98,12.970000000000027,2777.37234172
3,04,46,1228.01,1240.98,12.970000000000027,2773.70485828
3,04,47,1228.01,1240.49,12.480000000000018,2775.59869597
3,04,48,1228.01,1240.49,12.480000000000018,2773.57382097
3,04,49,1228.01,1240.48,12.470000000000027,2773.9768875
3,04,50,1240.0,1240.49,0.4900000000000091,2769.59946413
3,04,51,1230.0,1239.98,9.980000000000018,2764.12094099
3,04,53,1235.0,1237.99,2.990000000000009,2764.69132348
3,04,54,1228.01,1234.99,6.980000000000018,2767.17132348
3,04,55,1229.01,1234.99,5.980000000000018,2769.24202155
3,04,56,1229.01,1234.99,5.980000000000018,2767.69202155
3,04,57,1229.01,1234.99,5.980000000000018,2764.58410001
3,04,58,1229.0,1234.99,5.990000000000009,2762.40303959
3,04,59,1229.0,1234.99,5.990000000000009,2760.53906794
3,05,00,1229.0,1232.0,3.0,2756.63282819
3,05,01,1229.0,1231.0,2.0,2755.24859802
3,05,02,1230.0,1241.09,11.089999999999918,2755.31849802
3,05,03,1230.0,1239.99,9.990000000000009,2753.33450678
3,05,04,1230.0,1239.99,9.990000000000009,2754.18812295
3,05,05,1230.0,1239.99,9.990000000000009,2752.76502308
3,05,06,1230.0,1239.98,9.980000000000018,2745.88614374
3,05,07,1235.09,1239.98,4.8900000000001,2745.68614374
3,05,08,1236.98,1241.1,4.119999999999891,2742.79065968
3,05,09,1235.25,1242.99,7.740000000000009,2674.44333576
3,05,10,1235.25,1242.99,7.740000000000009,2482.67782365
3,05,11,1236.0,1242.98,6.980000000000018,2482.59486628
3,05,12,1240.0,1242.9,2.900000000000091,2478.31039735
3,05,13,1240.0,1243.0,3.0,2479.1028599
3,05,14,1240.0,1242.99,2.990000000000009,2478.51081737
3,05,15,1232.0,1240.0,8.0,2478.88790676
3,05,16,1233.0,1240.0,7.0,2475.89000675
3,05,17,1233.0,1240.0,7.0,2472.73706712
3,05,18,1233.0,1240.0,7.0,2471.9364641
3,05,19,1234.0,1240.0,6.0,2461.87865135
3,05,20,1234.0,1240.0,6.0,2460.43082924
3,05,21,1235.0,1239.99,4.990000000000009,2453.73254138
3,05,22,1235.0,1240.0,5.0,2453.73254138
3,05,23,1233.0,1240.0,7.0,2438.2103446
3,05,24,1235.0,1240.0,5.0,2438.87544749
3,05,25,1235.0,1240.0,5.0,2438.64039004
3,05,26,1240.0,1243.5,3.5,2439.0427584
3,05,27,1240.0,1243.5,3.5,2435.95925597
3,05,28,1241.0,1243.5,2.5,2436.70035597
3,05,29,1241.0,1243.5,2.5,2436.70035597
3,05,30,1241.0,1243.5,2.5,2434.91863894
3,05,31,1241.0,1243.0,2.0,2436.50448937
3,05,32,1241.0,1243.5,2.5,2438.13125343
3,05,33,1241.0,1243.5,2.5,2431.85037495
3,05,34,1241.0,1243.5,2.5,2426.86310117
3,05,35,1241.0,1243.5,2.5,2423.90334752
3,05,36,1241.0,1243.5,2.5,2424.37861893
3,05,37,1243.5,1244.0,0.5,2419.00727583
3,05,38,1243.5,1244.0,0.5,2418.41185557
3,05,39,1243.5,1244.0,0.5,2416.86727583
3,05,40,1243.5,1244.0,0.5,2418.03195338
3,05,41,1243.5,1244.0,0.5,2416.82661725
3,05,42,1243.5,1244.0,0.5,2415.78558717
3,05,43,1243.5,1244.0,0.5,2416.52579777
3,05,44,1243.5,1244.0,0.5,2417.31759841
3,05,45,1243.5,1244.0,0.5,2412.31236886
3,05,46,1243.5,1244.0,0.5,2411.14514916
3,05,47,1243.51,1244.0,0.4900000000000091,2412.97875045
3,05,48,1243.51,1244.0,0.4900000000000091,2413.77875045
3,05,49,1243.5,1244.0,0.5,2412.9186969
3,05,50,1243.5,1244.0,0.5,2410.8396469
3,05,51,1243.5,1244.0,0.5,2410.7396469
3,05,52,1243.5,1244.0,0.5,2407.86197092
3,05,53,1243.5,1244.0,0.5,2406.8027603
3,05,54,1243.5,1244.0,0.5,2410.33234728
3,05,55,1243.5,1244.0,0.5,2411.65192686
3,05,56,1243.5,1244.0,0.5,2411.65192686
3,05,57,1243.5,1244.0,0.5,2409.86910608
3,05,58,1243.5,1244.0,0.5,2409.10740412
3,05,59,1243.5,1244.0,0.5,2408.84404431
3,06,00,1243.51,1244.0,0.4900000000000091,2408.91092534
3,06,01,1238.02,1240.0,1.9800000000000182,2412.37821889
3,06,02,1238.05,1240.0,1.9500000000000455,2412.41854147
3,06,03,1238.06,1240.0,1.9400000000000546,2412.41854147
3,06,04,1238.06,1240.0,1.9400000000000546,2411.42354147
3,06,05,1236.01,1244.0,7.990000000000009,2411.17354147
3,06,06,1234.01,1244.0,9.990000000000009,2409.60382035
3,06,07,1233.01,1244.0,10.990000000000009,2408.53462846
3,06,08,1233.01,1244.0,10.990000000000009,2407.87462846
3,06,09,1233.01,1244.0,10.990000000000009,2406.29798032
3,06,10,1232.51,1244.0,11.490000000000009,2404.43106672
3,06,11,1232.51,1244.0,11.490000000000009,2404.46106672
3,06,12,1232.51,1244.0,11.490000000000009,2404.60106672
3,06,13,1232.51,1244.0,11.490000000000009,2403.10897186
3,06,14,1232.51,1244.0,11.490000000000009,2403.10897186
3,06,15,1232.51,1244.0,11.490000000000009,2400.9654798
3,06,16,1232.51,1244.0,11.490000000000009,2399.41560628
3,06,17,1232.51,1244.0,11.490000000000009,2399.41560628
3,06,18,1232.51,1244.0,11.490000000000009,2399.41560628
3,06,19,1232.52,1244.0,11.480000000000018,2400.0998406
3,06,20,1232.52,1244.0,11.480000000000018,2400.65777144
3,06,21,1232.53,1244.0,11.470000000000027,2400.55796437
3,06,22,1232.53,1243.99,11.460000000000036,2402.14157839
3,06,23,1232.53,1243.99,11.460000000000036,2403.46075282
3,06,24,1232.53,1244.0,11.470000000000027,2402.8698798
3,06,25,1232.5,1243.99,11.490000000000009,2401.87665632
3,06,26,1232.51,1244.0,11.490000000000009,2403.09445632
3,06,27,1232.51,1244.0,11.490000000000009,2402.66511535
3,06,28,1233.0,1244.0,11.0,2402.22172518
3,06,29,1233.0,1244.0,11.0,2396.7508335
3,06,31,1233.01,1244.0,10.990000000000009,2398.72068559
3,06,32,1235.0,1240.0,5.0,2398.33244873
3,06,33,1235.01,1240.0,4.990000000000009,2398.35412887
3,06,34,1236.01,1240.0,3.990000000000009,2396.96745485
3,06,35,1236.01,1240.0,3.990000000000009,2396.96745485
3,06,36,1237.0,1240.0,3.0,2396.96745485
3,06,37,1237.01,1240.0,2.990000000000009,2397.21745485
3,06,38,1240.0,1244.0,4.0,2398.21745485
3,06,39,1241.01,1244.0,2.990000000000009,2399.82517189
3,06,40,1242.01,1244.0,1.990000000000009,2401.65827114
3,06,41,1240.0,1244.0,4.0,2403.12126632
3,06,42,1241.12,1244.0,2.880000000000109,2404.12126632
3,06,43,1241.12,1244.0,2.880000000000109,2404.09963234
3,06,44,1241.14,1244.0,2.8599999999999,2409.74917414
3,06,45,1241.0,1244.0,3.0,2409.62993951
3,06,46,1240.5,1244.0,3.5,2409.12417424
3,06,47,1240.6,1244.0,3.400000000000091,2406.59852624
3,06,48,1241.0,1244.0,3.0,2411.22200399
3,06,49,1242.5,1244.0,1.5,2409.59742756
3,06,50,1242.5,1244.0,1.5,2403.73490791
3,06,51,1242.5,1244.0,1.5,2403.34219078
3,06,52,1242.5,1244.0,1.5,2403.34219078
3,06,53,1242.5,1244.0,1.5,2403.38238371
3,06,54,1242.5,1244.0,1.5,2403.38238371
3,06,55,1242.5,1244.0,1.5,2403.40005252
3,06,56,1242.5,1244.0,1.5,2403.23876222
3,06,57,1242.5,1244.0,1.5,2403.45178473
3,06,58,1242.5,1244.0,1.5,2403.2635874
3,06,59,1242.5,1244.0,1.5,2402.75479417
3,07,00,1242.5,1244.0,1.5,2403.54659481
3,07,01,1242.5,1244.0,1.5,2395.50482473
3,07,02,1242.5,1244.0,1.5,2396.21417373
3,07,03,1242.5,1244.0,1.5,2396.21417373
3,07,04,1242.5,1244.0,1.5,2399.1511624
3,07,05,1242.5,1244.0,1.5,2400.73476369
3,07,06,1242.5,1244.0,1.5,2402.31836498
3,07,07,1242.5,1244.0,1.5,2404.89426498
3,07,08,1242.5,1243.0,0.5,2404.79426498
3,07,09,1240.0,1242.5,2.5,2401.89023433
3,07,10,1240.0,1244.0,4.0,2402.91023433
3,07,11,1240.25,1244.0,3.75,2407.9977904
3,07,12,1241.25,1244.0,2.75,2389.973055
3,07,13,1240.25,1251.0,10.75,2393.0997
3,07,14,1240.4,1251.0,10.599999999999909,2393.0997
3,07,15,1240.25,1251.0,10.75,2392.9597
3,07,16,1240.51,1251.0,10.490000000000009,2393.13555931
3,07,17,1244.0,1251.0,7.0,2391.4329875
3,07,18,1240.27,1251.0,10.730000000000018,2391.1359875
3,07,19,1241.0,1251.0,10.0,2391.1359875
3,07,20,1241.0,1251.0,10.0,2391.1359875
3,07,21,1241.0,1251.0,10.0,2391.1359875
3,07,22,1241.0,1251.0,10.0,2391.1359875
3,07,23,1245.0,1252.97,7.970000000000027,2392.02994651
3,07,24,1245.0,1252.97,7.970000000000027,2392.01986551
3,07,25,1245.0,1252.97,7.970000000000027,2392.01986551
3,07,26,1245.0,1252.97,7.970000000000027,2392.01986551
3,07,27,1245.0,1252.97,7.970000000000027,2390.92986551
3,07,28,1245.0,1252.97,7.970000000000027,2390.65367479
3,07,29,1245.0,1252.97,7.970000000000027,2382.65407087
3,07,30,1245.0,1252.97,7.970000000000027,2382.65407087
3,07,31,1245.0,1252.97,7.970000000000027,2380.96175428
3,07,32,1245.0,1252.97,7.970000000000027,2379.39976863
3,07,33,1245.0,1252.97,7.970000000000027,2379.39976863
3,07,34,1245.0,1252.97,7.970000000000027,2380.14976863
3,07,35,1248.0,1252.97,4.970000000000027,2380.14976863
3,07,36,1250.0,1252.97,2.9700000000000273,2380.14976863
3,07,37,1250.0,1252.97,2.9700000000000273,2380.00976863
3,07,38,1250.0,1252.97,2.9700000000000273,2380.00976863
3,07,39,1250.0,1252.97,2.9700000000000273,2380.00976863
3,07,40,1241.0,1252.97,11.970000000000027,2380.19237087
3,07,41,1241.0,1252.97,11.970000000000027,2366.2829788
3,07,42,1241.0,1252.97,11.970000000000027,2366.2829788
3,07,43,1241.0,1252.97,11.970000000000027,2366.2829788
3,07,44,1241.0,1252.94,11.940000000000055,2366.2829788
3,07,45,1241.0,1252.94,11.940000000000055,2366.2829788
3,07,46,1242.0,1252.93,10.930000000000064,2366.9477788
3,07,47,1242.0,1252.92,10.920000000000073,2366.9477788
3,07,48,1242.0,1252.92,10.920000000000073,2365.2818751
3,07,49,1242.0,1252.92,10.920000000000073,2365.1818751
3,07,50,1242.0,1252.91,10.910000000000082,2365.1818751
3,07,51,1242.0,1252.92,10.920000000000073,2364.7778328
3,07,52,1242.0,1252.92,10.920000000000073,2364.7778328
3,07,53,1242.0,1252.92,10.920000000000073,2364.79374008
3,07,54,1242.0,1252.92,10.920000000000073,2364.79374008
3,07,55,1242.0,1252.92,10.920000000000073,2364.79374008
3,07,56,1242.0,1252.92,10.920000000000073,2364.79374008
3,07,57,1242.0,1252.93,10.930000000000064,2364.79374008
3,07,58,1242.0,1252.93,10.930000000000064,2364.78562392
3,07,59,1245.0,1253.97,8.970000000000027,2367.14404756
3,08,00,1242.0,1245.0,3.0,2368.56357107
3,08,01,1242.0,1253.97,11.970000000000027,2368.70698303
3,08,03,1253.97,1254.0,0.029999999999972715,2370.8220791
3,08,04,1253.97,1254.0,0.029999999999972715,2369.84040297
3,08,05,1253.97,1254.0,0.029999999999972715,2369.68440297
3,08,06,1242.0,1250.0,8.0,2370.52229998
3,08,07,1242.0,1250.0,8.0,2370.52229998
3,08,08,1242.0,1254.0,12.0,2369.47298851
3,08,09,1242.0,1253.97,11.970000000000027,2369.58167985
3,08,10,1242.0,1253.97,11.970000000000027,2368.88935564
3,08,11,1242.0,1254.0,12.0,2370.64495564
3,08,12,1242.0,1254.0,12.0,2365.57401903
3,08,13,1250.0,1254.0,4.0,2363.66500768
3,08,14,1250.0,1254.0,4.0,2363.57401903
3,08,15,1250.0,1254.0,4.0,2363.37686903
3,08,16,1243.75,1250.0,6.25,2364.16486903
3,08,17,1242.5,1250.0,7.5,2360.22845738
3,08,18,1246.0,1250.0,4.0,2360.33645738
3,08,19,1247.0,1250.0,3.0,2360.33645738
3,08,20,1247.0,1250.0,3.0,2360.33645738
3,08,21,1247.0,1250.0,3.0,2358.86183971
3,08,22,1247.0,1250.0,3.0,2358.39168795
3,08,23,1250.0,1254.0,4.0,2351.487659
3,08,24,1247.0,1254.0,7.0,2351.08502819
3,08,25,1247.0,1254.0,7.0,2351.12494047
3,08,26,1247.0,1254.0,7.0,2351.12494047
3,08,27,1247.0,1254.0,7.0,2351.12116018
3,08,28,1247.0,1254.0,7.0,2354.26310595
3,08,29,1247.0,1254.0,7.0,2354.26310595
3,08,30,1249.0,1254.0,5.0,2354.26310595
3,08,31,1249.0,1253.97,4.970000000000027,2354.26310595
3,08,32,1249.0,1253.97,4.970000000000027,2352.90951546
3,08,33,1249.0,1253.97,4.970000000000027,2352.83026546
3,08,34,1249.0,1253.97,4.970000000000027,2353.64049377
3,08,35,1249.0,1253.97,4.970000000000027,2353.64049377
3,08,36,1249.0,1253.97,4.970000000000027,2260.49238599
3,08,37,1249.0,1253.97,4.970000000000027,2260.49238599
3,08,38,1249.0,1253.97,4.970000000000027,2260.90417824
3,08,39,1250.0,1253.97,3.9700000000000273,2260.90417824
3,08,40,1250.0,1253.97,3.9700000000000273,2260.90417824
3,08,41,1250.0,1253.96,3.9600000000000364,2260.36534983
3,08,42,1250.0,1253.96,3.9600000000000364,2260.36534983
3,08,43,1250.0,1254.0,4.0,2262.13640878
3,08,44,1250.0,1254.0,4.0,2262.13640878
3,08,45,1250.0,1254.0,4.0,2262.0233195
3,08,46,1250.0,1254.0,4.0,2257.50890916
3,08,47,1250.0,1254.0,4.0,2257.50890916
3,08,48,1250.0,1254.0,4.0,2257.50890916
3,08,49,1249.0,1254.0,5.0,2260.31955395
3,08,50,1249.0,1254.0,5.0,2255.30550027
3,08,51,1249.0,1254.0,5.0,2253.40071061
3,08,52,1244.5,1254.0,9.5,2254.57304914
3,08,53,1244.5,1254.0,9.5,2253.77494543
3,08,54,1244.5,1254.0,9.5,2253.53551597
3,08,55,1244.5,1253.0,8.5,2253.53551597
3,08,56,1245.0,1253.0,8.0,2253.53551597
3,08,57,1245.0,1254.0,9.0,2253.53551597
3,08,58,1245.0,1254.0,9.0,2252.89946741
3,08,59,1245.01,1254.0,8.990000000000009,2251.48274314
3,09,00,1245.0,1254.0,9.0,2252.98274314
3,09,01,1245.0,1254.0,9.0,2252.98274314
3,09,02,1245.0,1254.0,9.0,2252.98274314
3,09,03,1245.0,1254.0,9.0,2252.98274314
3,09,04,1245.0,1254.0,9.0,2252.60583465
3,09,05,1245.0,1254.0,9.0,2252.60583465
3,09,06,1242.5,1254.0,11.5,2256.18208582
3,09,07,1242.5,1254.0,11.5,2256.18208582
3,09,08,1242.5,1254.0,11.5,2257.25474772
3,09,09,1242.5,1254.0,11.5,2257.25474772
3,09,10,1242.5,1254.0,11.5,2258.82572061
3,09,11,1242.5,1253.99,11.490000000000009,2258.82572061
3,09,12,1242.5,1253.99,11.490000000000009,2258.82572061
3,09,13,1242.5,1252.97,10.470000000000027,2257.86237827
3,09,14,1242.0,1242.5,0.5,2258.91268389
3,09,15,1242.0,1242.5,0.5,2258.91268389
3,09,16,1242.0,1242.5,0.5,2258.91268389
3,09,17,1242.5,1251.0,8.5,2259.00173964
3,09,18,1242.5,1251.0,8.5,2259.00173964
3,09,19,1242.5,1252.96,10.460000000000036,2255.00173964
3,09,20,1252.97,1252.98,0.009999999999990905,2253.24092645
3,09,21,1252.97,1252.98,0.009999999999990905,2253.36518943
3,09,22,1242.01,1251.99,9.980000000000018,2253.99270726
3,09,23,1242.01,1250.0,7.990000000000009,2253.94818697
3,09,24,1242.01,1250.0,7.990000000000009,2253.15700325
3,09,25,1242.01,1250.0,7.990000000000009,2253.11300325
3,09,26,1242.01,1250.0,7.990000000000009,2253.11300325
3,09,27,1242.01,1251.0,8.990000000000009,2253.90100325
3,09,28,1242.01,1251.0,8.990000000000009,2253.87184307
3,09,29,1242.01,1251.0,8.990000000000009,2252.58321869
3,09,30,1242.01,1251.0,8.990000000000009,2251.7818808
3,09,31,1242.01,1251.0,8.990000000000009,2250.1618708
3,09,32,1246.5,1252.98,6.480000000000018,2248.8140158
3,09,33,1246.5,1252.98,6.480000000000018,2248.8140158
3,09,34,1246.5,1252.98,6.480000000000018,2248.8140158
3,09,35,1246.5,1252.98,6.480000000000018,2248.8140158
3,09,36,1246.5,1254.0,7.5,2248.8140158
3,09,37,1246.5,1254.0,7.5,2248.79773619
3,09,38,1246.5,1254.0,7.5,2248.81072419
3,09,39,1246.5,1254.0,7.5,2248.81072419
3,09,40,1246.5,1254.0,7.5,2249.18518193
3,09,42,1246.5,1254.0,7.5,2249.18518193
3,09,43,1246.5,1259.97,13.470000000000027,2278.2763986
3,09,44,1246.5,1259.96,13.460000000000036,2278.11327962
3,09,45,1246.5,1259.96,13.460000000000036,2278.11327962
3,09,46,1246.5,1259.96,13.460000000000036,2278.17875662
3,09,47,1246.5,1259.96,13.460000000000036,2275.43806313
3,09,48,1246.5,1259.96,13.460000000000036,2275.43806313
3,09,49,1246.5,1259.96,13.460000000000036,2274.65483728
3,09,50,1246.5,1259.96,13.460000000000036,2274.65483728
3,09,51,1246.5,1259.96,13.460000000000036,2274.65483728
3,09,52,1246.5,1259.96,13.460000000000036,2274.65483728
3,09,53,1246.5,1259.93,13.430000000000064,2275.13793582
3,09,54,1246.5,1259.93,13.430000000000064,2275.13793582
3,09,55,1246.5,1259.93,13.430000000000064,2273.38378699
3,09,56,1246.51,1259.0,12.490000000000009,2273.38378699
3,09,57,1246.51,1259.0,12.490000000000009,2273.38378699
3,09,58,1246.5,1259.0,12.5,2273.01378699
3,09,59,1246.5,1259.0,12.5,2273.01378699
3,10,00,1246.51,1259.0,12.490000000000009,2273.01378699
3,10,01,1246.51,1259.0,12.490000000000009,2272.01378699
3,10,02,1246.51,1259.0,12.490000000000009,2272.01378699
3,10,03,1246.51,1259.0,12.490000000000009,2272.01378699
3,10,04,1246.51,1259.98,13.470000000000027,2272.01378699
3,10,05,1246.51,1259.98,13.470000000000027,2271.01378699
3,10,06,1246.51,1259.98,13.470000000000027,2271.01378699
3,10,07,1246.51,1259.98,13.470000000000027,2271.01378699
3,10,08,1250.0,1259.0,9.0,2271.01378699
3,10,09,1250.0,1259.99,9.990000000000009,2271.01378699
3,10,10,1252.0,1259.99,7.990000000000009,2271.01378699
3,10,11,1254.2,1259.99,5.789999999999964,2271.01378699
3,10,12,1254.2,1259.99,5.789999999999964,2271.01378699
3,10,13,1254.2,1259.99,5.789999999999964,2271.01378699
3,10,14,1254.2,1259.99,5.789999999999964,2271.01378699
3,10,15,1254.2,1259.99,5.789999999999964,2271.01378699
3,10,16,1254.2,1259.99,5.789999999999964,2271.01378699
3,10,17,1254.2,1260.0,5.7999999999999545,2276.01378699
3,10,18,1254.2,1260.0,5.7999999999999545,2276.01378699
3,10,19,1254.2,1260.0,5.7999999999999545,2275.96378699
3,10,20,1254.2,1260.0,5.7999999999999545,2275.88340699
3,10,21,1252.0,1260.0,8.0,2275.80140699
3,10,22,1252.0,1260.0,8.0,2277.12200699
3,10,23,1251.0,1260.0,9.0,2277.62200699
3,10,24,1251.0,1260.0,9.0,2277.62200699
3,10,25,1248.0,1260.0,12.0,2277.62200699
3,10,26,1247.01,1260.0,12.990000000000009,2267.62200699
3,10,27,1247.0,1260.0,13.0,2271.90465643
3,10,28,1247.0,1260.0,13.0,2271.85200699
3,10,29,1247.0,1260.0,13.0,2271.84600699
3,10,30,1246.5,1259.99,13.490000000000009,2271.77258989
3,10,31,1252.0,1260.0,8.0,2269.48881798
3,10,32,1252.0,1260.0,8.0,2269.48881798
3,10,33,1252.0,1260.0,8.0,2256.97574861
3,10,34,1252.0,1260.0,8.0,2256.97574861
3,10,35,1252.0,1260.0,8.0,2256.97574861
3,10,36,1252.0,1260.0,8.0,2256.97574861
3,10,37,1252.0,1260.0,8.0,2257.75749464
3,10,38,1252.0,1260.0,8.0,2258.51104787
3,10,39,1252.0,1260.0,8.0,2258.51104787
3,10,40,1252.0,1260.0,8.0,2258.51104787
3,10,41,1255.0,1260.0,5.0,2258.51104787
3,10,42,1255.0,1260.0,5.0,2256.80267534
3,10,43,1255.0,1260.0,5.0,2256.55634567
3,10,44,1255.0,1260.0,5.0,2255.05400078
3,10,45,1255.0,1260.0,5.0,2255.05400078
3,10,46,1256.0,1260.0,4.0,2255.20876268
3,10,47,1256.0,1260.0,4.0,2255.20876268
3,10,48,1255.0,1260.0,5.0,2255.20876268
3,10,49,1255.0,1260.0,5.0,2276.68196611
3,10,50,1255.0,1260.0,5.0,2276.68196611
3,10,51,1255.0,1260.0,5.0,2269.44173534
3,10,52,1255.0,1260.0,5.0,2269.44173534
3,10,53,1255.0,1260.0,5.0,2269.43917534
3,10,54,1255.0,1260.0,5.0,2269.43917534
3,10,55,1255.0,1260.0,5.0,2271.2036674
3,10,56,1255.0,1260.0,5.0,2270.46389045
3,10,57,1255.0,1260.0,5.0,2270.46389045
3,10,58,1255.0,1260.0,5.0,2270.46389045
3,10,59,1255.0,1260.0,5.0,2270.06519045
3,11,00,1255.0,1260.0,5.0,2270.06519045
3,11,01,1255.0,1260.0,5.0,2262.70363127
3,11,02,1255.0,1260.0,5.0,2267.29710076
3,11,03,1255.0,1260.0,5.0,2267.29710076
3,11,04,1255.0,1260.0,5.0,2267.29710076
3,11,05,1255.0,1260.0,5.0,2267.29710076
3,11,06,1255.0,1260.0,5.0,2267.17660167
3,11,07,1255.0,1260.0,5.0,2267.17660167
3,11,08,1255.0,1260.0,5.0,2267.9583477
3,11,09,1255.0,1260.0,5.0,2267.9583477
3,11,10,1255.0,1260.0,5.0,2267.9583477
3,11,11,1255.0,1260.0,5.0,2267.10598175
3,11,12,1255.0,1260.0,5.0,2265.61734175
3,11,13,1255.0,1260.0,5.0,2265.53712181
3,11,14,1255.0,1260.0,5.0,2265.2495302
3,11,15,1255.0,1260.0,5.0,2265.34069936
3,11,17,1256.0,1260.0,4.0,2265.34069936
3,11,18,1256.0,1260.0,4.0,2265.34069936
3,11,19,1255.0,1260.0,5.0,2266.90419142
3,11,20,1255.0,1260.0,5.0,2276.90419142
3,11,21,1255.0,1260.0,5.0,2276.90419142
3,11,22,1255.0,1260.0,5.0,2276.88129142
3,11,23,1255.0,1260.0,5.0,2277.96546287
3,11,24,1255.0,1260.0,5.0,2277.96546287
3,11,25,1255.0,1260.0,5.0,2276.16760787
3,11,26,1255.0,1260.0,5.0,2259.95358868
3,11,27,1255.0,1260.0,5.0,2259.95358868
3,11,28,1255.0,1260.0,5.0,2252.62883729
3,11,29,1255.0,1260.0,5.0,2251.61123729
3,11,30,1255.0,1259.0,4.0,2242.95552754
3,11,31,1255.0,1260.0,5.0,2253.95881019
3,11,32,1255.0,1260.0,5.0,2255.52230225
3,11,33,1255.0,1259.99,4.990000000000009,2255.49965463
3,11,34,1255.01,1259.99,4.980000000000018,2254.4356965
3,11,35,1255.01,1260.0,4.990000000000009,2250.98314581
3,11,36,1255.01,1260.0,4.990000000000009,2249.35504664
3,11,37,1255.01,1260.0,4.990000000000009,2249.36320537
3,11,38,1255.01,1260.0,4.990000000000009,2250.10404365
3,11,39,1255.01,1260.0,4.990000000000009,2249.93404365
3,11,40,1255.01,1260.0,4.990000000000009,2250.16817063
3,11,41,1255.5,1260.0,4.5,2249.93817063
3,11,42,1255.5,1260.0,4.5,2246.1096375
3,11,43,1255.02,1260.0,4.980000000000018,2246.1096375
3,11,44,1255.02,1260.0,4.980000000000018,2245.49615257
3,11,45,1255.02,1259.99,4.970000000000027,2245.49615257
3,11,46,1255.02,1259.99,4.970000000000027,2246.16520279
3,11,47,1255.02,1259.99,4.970000000000027,2243.73512891
3,11,48,1255.02,1259.99,4.970000000000027,2233.56925267
3,11,49,1255.02,1259.99,4.970000000000027,2233.56925267
3,11,50,1255.02,1259.99,4.970000000000027,2226.13199279
3,11,51,1255.02,1259.99,4.970000000000027,2226.13199279
3,11,52,1255.02,1260.0,4.980000000000018,2218.60677259
3,11,53,1255.02,1260.0,4.980000000000018,2218.60677259
3,11,54,1255.02,1260.0,4.980000000000018,2218.35502619
3,11,55,1255.02,1260.0,4.980000000000018,2218.50756587
3,11,56,1255.02,1260.0,4.980000000000018,2208.48254495
3,11,57,1255.02,1260.0,4.980000000000018,2207.6388499
3,11,58,1255.02,1260.0,4.980000000000018,2207.6388499
3,11,59,1255.02,1260.0,4.980000000000018,2207.43620699
3,12,00,1255.02,1260.0,4.980000000000018,2207.85428915
3,12,01,1255.02,1260.0,4.980000000000018,2207.85428915
3,12,02,1255.02,1260.0,4.980000000000018,2204.28302757
3,12,03,1255.02,1260.0,4.980000000000018,2204.28302757
3,12,04,1255.03,1260.0,4.970000000000027,2194.50648238
3,12,05,1255.03,1260.0,4.970000000000027,2193.60226706
3,12,06,1255.04,1260.0,4.960000000000036,2189.2122519
3,12,07,1255.02,1260.0,4.980000000000018,2189.2122519
3,12,08,1255.02,1260.0,4.980000000000018,2197.4301646
3,12,09,1255.02,1260.0,4.980000000000018,2199.4301646
3,12,10,1255.02,1260.0,4.980000000000018,2199.2301646
3,12,11,1255.02,1260.0,4.980000000000018,2199.2301646
3,12,12,1255.02,1260.0,4.980000000000018,2199.2301646
3,12,13,1255.02,1260.0,4.980000000000018,2199.2301646
3,12,14,1255.02,1260.0,4.980000000000018,2199.2301646
3,12,15,1255.02,1260.0,4.980000000000018,2198.9301646
3,12,16,1255.02,1260.0,4.980000000000018,2194.87480541
3,12,17,1255.02,1260.0,4.980000000000018,2194.80023652
3,12,18,1255.02,1260.0,4.980000000000018,2205.70251685
3,12,19,1255.02,1260.0,4.980000000000018,2209.78957739
3,12,20,1255.02,1260.0,4.980000000000018,2209.74973245
3,12,21,1255.02,1260.0,4.980000000000018,2207.32513381
3,12,22,1255.27,1260.0,4.730000000000018,2206.2312326
3,12,23,1255.02,1260.0,4.980000000000018,2227.71282507
3,12,24,1255.02,1260.0,4.980000000000018,2228.00372004
3,12,25,1256.0,1260.0,4.0,2227.50647141
3,12,26,1256.0,1260.0,4.0,2230.96596192
3,12,27,1256.0,1260.0,4.0,2229.25040606
3,12,28,1256.0,1260.0,4.0,2227.42430616
3,12,29,1256.0,1260.0,4.0,2217.08532289
3,12,30,1256.0,1260.0,4.0,2217.40278321
3,12,31,1256.0,1260.0,4.0,2217.40278321
3,12,32,1256.0,1260.0,4.0,2218.27284636
3,12,33,1256.0,1260.0,4.0,2219.13216106
3,12,34,1256.0,1260.0,4.0,2220.68408482
3,12,35,1256.0,1260.0,4.0,2210.62847075
3,12,36,1256.0,1260.0,4.0,2211.29358093
